<application>
  <component name="FileTypeManager" version="18">
    <extensionMap>
      <mapping pattern=".keep" type="AUTO_DETECTED" />
      <mapping ext="js " type="AUTO_DETECTED" />
      <mapping ext="graphqlconfig" type="JSON" />
      <removed_mapping ext="ignore" approved="true" type="IgnoreLang file" />
      <removed_mapping ext="log" approved="true" type="ANSI Aware" />
      <removed_mapping ext="ng" approved="true" type="HTML" />
      <removed_mapping pattern="tsconfig.app.json" approved="true" type="tsconfig" />
      <removed_mapping pattern="tsconfig.e2e.json" approved="true" type="tsconfig" />
      <removed_mapping pattern="tsconfig.editor.json" approved="true" type="tsconfig" />
      <removed_mapping pattern="tsconfig.lib.json" approved="true" type="tsconfig" />
      <removed_mapping pattern="tsconfig.spec.json" approved="true" type="tsconfig" />
    </extensionMap>
  </component>
</application>